<?xml version="1.0" encoding="UTF-8" standalone="yes"?>
<addon id="xbmc.repo.bimozie" name="bimozie repository" version="1.0.0" provider-name="billy.nguyen">
	<extension point="xbmc.repo.bimozie" name="Official XBMC.org Add-on Repository">
		<info compressed="true">https://raw.githubusercontent.com/billythekids/kodi.repository/master/addons.xml</info>
		<checksum>https://raw.githubusercontent.com/billythekids/kodi.repository/master/addons.xml.md5</checksum>
		<datadir zip="true">https://raw.githubusercontent.com/billythekids/kodi.repository/master</datadir>
		<hashes>true</hashes>
	</extension>
	<extension point="xbmc.addon.metadata">
		<summary>Play Video from several vietnamese website</summary>
		<description>Watching vietnamese movies ...</description>
		<language>en</language>
		<platform>all</platform>
		<license>GNU General Public License - v2</license>
		<source>https://github.com/billythekids/kodi.repository</source>
		<email>billythekids@gmail.com</email>
	</extension>
</addon>